1787299918,119459,0
1787299920,119347,0
1787299922,119352,0
1787299924,118903,170
1787299926,118084,170
1787299928,116232,170
1787299930,115878,170
1787299932,115734,170
1787299934,115603,170
1787299936,115480,170
1787299938,114304,170
1787299940,89689,24750
1787299943,89615,24750
1787299945,89018,24750
1787299947,89611,24750
1787299949,89350,24752
1787299951,89296,24752
1787299953,89302,24752
1787299955,88845,24764
1787299957,88905,24764
1787299959,89128,24764
1787299961,89215,24764
1787299963,89214,24764
1787299965,89300,24764
1787299967,89373,24764
1787299969,89364,24764
1787299971,89392,24764
1787299973,89407,24764
1787299975,89394,24764
1787299977,89395,24764
1787299979,89197,24764
1787299981,89217,24764
1787299983,89245,24764
1787299985,89277,24764
1787299987,89306,24764
1787299989,89217,24764
1787299991,89248,24764
1787299993,89038,24764
1787299995,88999,24764
1787299997,89139,24764
1787299999,89166,24774
1787300001,89205,24774
1787300004,89223,24774
1787300006,89269,24774
1787300008,89306,24774
1787300010,89260,24838
1787300012,89266,24838
1787300014,89285,24838
1787300016,89170,24840
1787300018,89179,24842
1787300020,89208,24842
1787300022,89232,24842
1787300024,89252,24842
1787300026,89275,24842
1787300028,89184,24842
1787300030,89202,24842
1787300032,89190,24842
1787300034,89203,24842
1787300036,89014,24842
1787300038,89050,24842
1787300040,89063,24846
1787300042,89088,24846
1787300044,89110,24846
1787300046,89137,24846
1787300048,89145,24846
1787300051,89154,24846
1787300053,89185,24852
1787300055,89184,24852
1787300057,89179,24852
1787300059,89190,24852
1787300061,89200,24852
1787300063,89207,24852
1787300065,89217,24852
1787300067,89224,24852
1787300069,89232,24852
1787300071,89240,24852
1787300073,89242,24852
1787300075,89231,24852
1787300077,89241,24852
1787300080,89242,24852
1787300082,89204,24848
1787300084,89156,24848
1787300086,89167,24848
1787300088,89076,24848
1787300090,89180,24848
1787300092,89106,24848
1787300094,89023,24848
1787300096,89074,24848
1787300098,89096,24848
1787300100,89143,24848
1787300102,89126,24848
1787300104,89122,24848
1787300106,89140,24848
1787300108,89145,24848
1787300110,89137,24848
1787300112,89131,24848
1787300114,88786,24848
1787300116,88816,24848
1787300118,88840,24848
1787300120,88871,24848
1787300122,88867,24848
1787300124,88876,24848
1787300126,88672,24848
1787300128,88632,24848
1787300130,88735,24848
1787300132,88762,24851
1787300134,88799,24851
1787300136,88811,24851
1787300138,88852,24851
1787300140,88876,24851
1787300143,88882,24851
1787300145,88904,24851
1787300147,88927,24851
1787300149,88946,24851
1787300151,88959,24851
1787300153,88987,24851
1787300155,89017,24851
1787300157,89021,24851
1787300159,89043,24851
1787300161,89062,24851
1787300163,88980,24851
1787300165,88988,24851
1787300167,88997,24851
1787300169,89007,24851
1787300171,89019,24851
1787300173,88810,24851
1787300175,88874,24851
1787300177,88896,24853
1787300179,88934,24853
1787300181,88953,24853
1787300183,88972,24853
1787300185,88986,24853
1787300188,88996,24853
1787300190,89009,24853
1787300192,89011,24848
1787300194,88954,24848
1787300196,88946,24848
1787300198,88801,24848
1787300200,88864,24848
1787300202,88927,24848
1787300204,88906,24848
1787300206,88906,24848
1787300208,88922,24848
1787300210,88959,24848
1787300212,89004,24848
1787300214,88998,24848
1787300216,88990,24848
1787300218,88968,24848
1787300220,88974,24848
1787300222,88977,24848
1787300224,88951,24848
1787300226,88785,24848
1787300228,88807,24848
1787300230,88825,24848
1787300232,88862,24848
1787300234,88817,24848
1787300236,88852,24848
1787300238,88656,24848
1787300240,88627,24848
1787300242,88700,24848
1787300244,88695,24851
1787300247,88705,24851
1787300249,88728,24851
1787300251,88743,24851
1787300253,88778,24851
1787300255,88798,24851
1787300257,88822,24851
1787300259,88838,24851
1787300261,88842,24851
1787300263,88857,24851
1787300265,88864,24851
1787300267,88781,24851
1787300269,88861,24851
1787300271,88886,24851
1787300273,88896,24851
1787300275,88924,24851
1787300277,88838,24851
1787300279,88852,24851
1787300281,88883,24851
1787300283,88894,24851
1787300285,88920,24851
1787300287,88730,24851
1787300289,88799,24851
1787300291,88818,24853
1787300294,88831,24853
1787300296,88852,24853
1787300298,88862,24853
1787300300,88888,24853
1787300302,88897,24853
1787300304,88899,24853
1787300306,88401,24853
1787300308,88875,24853
1787300310,88866,24853
1787300312,88869,24853
1787300314,88881,24853
1787300316,88883,24853
1787300318,88900,24853
1787300320,88928,24853
1787300322,88929,24853
1787300324,88946,24853
1787300327,88965,24853
1787300329,88969,24853
1787300331,88971,24853
1787300333,88968,24853
1787300335,88964,24853
1787300337,88962,24853
1787300339,88974,24853
1787300341,88959,24853
1787300343,88951,24853
1787300345,88939,24853
1787300347,88918,24853
1787300349,88855,24853
1787300351,88831,24853
1787300353,88855,24853
1787300355,88863,24853
1787300357,88881,24853
1787300359,88876,24853
1787300361,88881,24853
1787300363,88843,24853
1787300365,88846,24853
1787300367,88859,24853
1787300369,88874,24853
1787300371,88819,24853
1787300373,88862,24853
1787300376,88856,24853
1787300378,88657,24853
1787300380,88631,24853
1787300382,88725,24860
1787300384,88744,24860
1787300386,88774,24860
1787300388,88796,24860
1787300390,88799,24860
1787300392,88818,24860
1787300394,88833,24860
1787300396,88842,24860
1787300398,88853,24860
1787300400,88855,24860
1787300402,88875,24860
1787300404,88883,24860
1787300406,88860,24860
1787300408,88853,24860
1787300410,88878,24860
1787300412,88904,24860
1787300414,88866,24860
1787300416,88883,24860
1787300418,88893,24860
1787300420,88895,24860
1787300423,88888,24860
1787300425,88723,24860
1787300427,88762,24860
1787300429,88774,24864
1787300431,88819,24864
1787300433,88821,24864
1787300435,88830,24864
1787300437,88842,24864
1787300439,88866,24864
1787300441,88881,24864
1787300443,88943,24848
1787300445,119480,0
1787300447,106096,12706
1787300449,104868,12708
1787300451,102100,12708
1787300453,101342,12708
1787300455,101324,12708
1787300457,101346,12708
1787300459,101370,12708
1787300461,101362,12708
1787300463,101375,12708
1787300465,101268,12784
1787300467,101262,12784
1787300469,101259,12784
1787300472,101245,12784
1787300474,101249,12784
1787300476,101269,12784
1787300478,101280,12784
1787300480,101269,12784
1787300482,101266,12784
1787300484,101266,12784
1787300486,101266,12784
1787300488,101278,12784
1787300490,101274,12784
1787300492,101263,12784
1787300494,101268,12784
1787300496,101271,12784
1787300498,101278,12784
1787300500,101264,12784
1787300502,101257,12784
1787300504,101121,12786
1787300506,113954,450
1787300508,117940,450
1787300511,105711,12708
1787300513,104815,12708
1787300515,101512,12708
1787300517,101347,12708
1787300519,101344,12708
1787300521,101352,12708
1787300523,101360,12708
1787300525,101355,12708
1787300527,101360,12708
1787300529,101245,12784
1787300531,101241,12784
1787300533,101249,12784
1787300535,101244,12784
1787300537,101243,12784
1787300539,101257,12784
1787300541,101256,12784
1787300543,101258,12784
1787300545,101270,12784
1787300547,101262,12784
1787300549,101267,12784
1787300551,101271,12784
1787300553,101276,12784
1787300555,101276,12784
1787300558,101277,12784
1787300560,101270,12784
1787300562,101275,12784
1787300564,101271,12784
1787300566,101273,12784
1787300568,101106,12786
1787300570,114509,450
1787300572,118905,170
1787300574,105627,12708
1787300576,104778,12708
1787300578,101334,12708
1787300580,101304,12708
1787300582,101310,12708
1787300584,101335,12708
1787300586,101332,12708
1787300588,101307,12708
1787300590,101260,12708
1787300592,100999,12784
1787300594,101030,12784
1787300596,101031,12784
1787300598,101038,12784
1787300600,101038,12784
1787300602,101073,12784
1787300604,101082,12784
1787300607,101092,12784
1787300609,101094,12784
1787300611,101114,12784
1787300613,101125,12784
1787300615,101141,12784
1787300617,101168,12784
1787300619,101172,12784
1787300621,101180,12784
1787300623,101196,12784
1787300625,101209,12784
1787300627,101220,12784
1787300629,101213,12784
1787300631,101066,12786
1787300633,114440,450
1787300635,118585,450
1787300637,105638,12708
1787300639,104866,12708
1787300641,101616,12708
1787300643,101356,12708
1787300645,101349,12708
1787300647,101358,12708
1787300649,101369,12708
1787300652,101365,12708
1787300654,101356,12708
1787300656,101256,12784
1787300658,101253,12784
1787300660,101248,12784
1787300662,101264,12784
1787300664,101252,12784
1787300666,101252,12784
1787300668,101244,12784
1787300670,101253,12784
1787300672,101254,12784
1787300674,101258,12784
1787300676,101262,12784
1787300678,101266,12784
1787300680,101269,12784
1787300682,101274,12784
1787300684,101276,12784
1787300686,101278,12784
1787300688,101284,12784
1787300691,101294,12784
1787300693,101286,12784
1787300695,101122,12786
1787300697,113866,450
1787300699,117753,450
1787300701,105699,12708
1787300703,104863,12708
1787300705,101578,12708
1787300707,101336,12708
1787300709,101334,12708
1787300711,101350,12708
1787300713,101145,12708
1787300715,101146,12708
1787300717,101128,12708
1787300719,100852,12784
1787300721,100864,12784
1787300723,100874,12784
1787300725,100871,12784
1787300727,100884,12784
1787300729,100918,12784
1787300731,100923,12784
1787300733,100933,12784
1787300735,100951,12784
1787300737,100962,12784
1787300740,100978,12784
1787300742,101012,12784
1787300744,101041,12784
1787300746,101050,12784
1787300748,101056,12784
1787300750,101078,12784
1787300752,101082,12784
1787300754,101089,12784
1787300756,101096,12784
1787300758,100943,12786
1787300760,114045,450
1787300762,117260,450
1787300764,105679,12708
1787300766,104856,12708
1787300768,101758,12708
1787300770,101353,12708
1787300772,101344,12708
1787300774,101357,12708
1787300776,101378,12708
1787300778,101371,12708
1787300780,101377,12708
1787300782,101263,12784
1787300784,101256,12784
1787300786,101258,12784
1787300789,101243,12784
1787300791,101245,12784
1787300793,101257,12784
1787300795,101239,12784
1787300797,101255,12784
1787300799,101259,12784
1787300801,101270,12784
1787300803,101254,12784
1787300805,101263,12784
1787300807,101269,12784
1787300809,101277,12784
1787300811,101273,12784
1787300813,101272,12784
1787300815,101267,12784
1787300817,101271,12784
1787300819,101263,12784
1787300822,101121,12786
1787300824,101140,12786
1787300826,117285,450
1787300828,119174,0
1787300830,118986,0
1787300832,106246,286
1787300834,105548,646
1787300836,104843,1006
1787300838,97342,13456
1787300840,95033,13456
1787300842,89658,17429
1787300844,89657,17429
1787300846,89677,17429
1787300848,89708,17429
1787300850,89732,17429
1787300852,89750,17429
1787300854,89772,17429
1787300856,89795,17429
1787300858,89537,17479
1787300860,89555,17415
1787300862,89576,17415
1787300864,89600,17415
1787300866,89608,17415
1787300868,89627,17415
1787300870,89650,17415
1787300873,89685,17415
1787300875,89716,17415
1787300877,89734,17423
1787300879,89767,17373
1787300881,89084,18037
1787300883,89095,18037
1787300885,88775,18369
1787300887,88798,18369
1787300889,88817,18369
1787300891,88834,18369
1787300893,88841,18369
1787300895,88844,18369
1787300897,88844,18369
1787300899,88831,18369
1787300901,88834,18377
1787300903,89112,18091
1787300905,89109,18091
1787300907,89114,18091
1787300909,89120,18091
1787300912,89128,18091
1787300914,89130,18091
1787300916,88787,18427
1787300918,88800,18427
1787300920,88795,18427
1787300922,88779,18427
1787300924,88775,18427
1787300926,88771,18435
1787300928,91573,16747
1787300930,89104,18091
1787300932,89113,18091
1787300934,89116,18091
1787300936,89127,18091
1787300938,89128,18091
1787300940,88786,18427
1787300942,88793,18427
1787300944,88799,18427
1787300946,88799,18427
1787300949,88794,18427
1787300951,88781,18435
1787300953,93471,13825
1787300955,89110,18091
1787300957,89110,18091
1787300959,89108,18091
1787300961,89115,18091
1787300963,89119,18091
1787300965,88786,18427
1787300967,88791,18427
1787300969,88790,18427
1787300971,88796,18427
1787300973,88794,18427
1787300975,88790,18435
1787300977,88783,18435
1787300979,102250,13785
1787300981,119443,0
1787300983,119497,0
